<?xml version="1.0" encoding="UTF-8"?>
<beans xmlns="http://www.springframework.org/schema/beans"
	xmlns:xsi="http://www.w3.org/2001/XMLSchema-instance" xmlns:context="http://www.springframework.org/schema/context"
	xsi:schemaLocation="http://www.springframework.org/schema/beans http://www.springframework.org/schema/beans/spring-beans.xsd
		http://www.springframework.org/schema/context http://www.springframework.org/schema/context/spring-context-4.3.xsd">

	<context:component-scan base-package="com.cg.payroll"></context:component-scan>
	<context:annotation-config></context:annotation-config>
	
	<bean id="address1" class="com.cg.project.beans.Address">
		<property name="city" value="Nasik" />
		<property name="state" value="Maharashtra" />
		<property name="country" value="India" />
		<property name="pinCode" value="40111210" />
	</bean>
	<bean id="employee" class="com.cg.project.beans.Employee">
		<property name="empId" value="1324" />
		<property name="basicSalary" value="15000" />
		<property name="firstName" value="Neelam" />
		<property name="lastName" value="Topno" />
		<property name="address" ref="address1" />
	</bean>

</beans>
